{
  "MaskGasMiner": [
    16,
    17
  ],
  "MaskGhoulFemale": [
    10,
    16,
    17,
    11,
    1,
    2
  ],
  "MaskHannibal": [
    17,
    16
  ],
  "MaskHauntedMonkey": [
    10,
    16,
    17,
    11,
    1
  ],
  "MaskHoodBlack": [
    17,
    16,
    10,
    12,
    11,
    14,
    1
  ],
  "MaskHorseHead": [
    16,
    17,
    12,
    11,
    14,
    1,
    31
  ],
  "MaskHorseHeadUnicorn": [
    16,
    17,
    12,
    11,
    14,
    1,
    31,
    2
  ],
  "MaskIrishCharm": [
    17,
    12
  ],
  "MaskIt": [
    1,
    2,
    5,
    10,
    11
  ],
  "MaskJason": [
    16,
    17
  ],
  "MaskKitsune": [
    16,
    17,
    11,
    31
  ],
  "MaskKruger": [
    1,
    2,
    5
  ],
  "MaskLiarsNose": [
    17
  ],
  "MaskMedievalKnight": [
    17,
    14,
    11,
    10,
    12
  ],
  "MaskMime": [
    16,
    17
  ],
  "MaskMummy": [
    10,
    16,
    17,
    11
  ],
  "MaskNamelessGhoul": [
    10,
    16,
    17,
    11,
    1,
    2
  ],
  "MaskNinjaRed": [
    17,
    14,
    11,
    10,
    16
  ],
  "MaskNoseRudolf": [
    17
  ],
  "MaskOldTV": [
    17,
    16,
    10,
    12,
    11,
    14,
    1
  ],
  "MaskOwl": [
    10,
    11,
    16,
    17,
    14,
    3,
    1,
    2
  ],
  "MaskOxygenJetPilot": [
    16
  ],
  "MaskOxygenRacerBlack": [
    16
  ],
  "MaskOxygenRacerBlue": [
    16
  ],
  "MaskOxygenRacerGreen": [
    16
  ],
  "MaskOxygenRacerRed": [
    16
  ],
  "MaskOxygenRacerWhite": [
    16
  ],
  "MaskOxygenRacerYellow": [
    16
  ],
  "MaskPacifierBlue": [
    17
  ],
  "MaskPacifierPink": [
    17
  ],
  "MaskPaintSkull": [
    1,
    2,
    5
  ],
  "MaskPaperBagBrown": [
    17,
    14,
    11,
    10,
    12
  ],
  "MaskPhantom": [
    17,
    12
  ],
  "MaskPinhead": [
    1,
    2,
    5,
    13,
    30,
    3,
    31,
    11
  ],
  "MaskPixelbot": [
    1,
    5,
    2,
    11,
    10,
    17,
    16,
    31
  ],
  "MaskPixelJester": [
    12
  ],
  "MaskPlagueDoc": [
    16,
    17,
    2
  ],
  "MaskPumpkin": [
    17,
    16,
    10,
    12,
    11,
    14,
    1
  ],
  "MaskPumpkinBlackTower": [
    17,
    14,
    11,
    10,
    12,
    16
  ],
  "MaskRamSkull": [
    17,
    16,
    10,
    12,
    11,
    14,
    1,
    31,
    3,
    2
  ],
  "MaskRedOnion": [
    10,
    14,
    11,
    1,
    2,
    16
  ],
  "MaskRobbers": [
    17,
    12
  ],
  "MaskRobochick": [
    17,
    16,
    10,
    12,
    11,
    14,
    1,
    2
  ],
  "MaskSamuraiBlack": [
    17,
    16
  ],
  "MaskSamuraiGolden": [
    17,
    16
  ],
  "MaskSamuraiRed": [
    17,
    16
  ],
  "MaskSawBillyPuppet": [
    10,
    16,
    17,
    1,
    11,
    12
  ],
  "MaskScarecrow": [
    10,
    16,
    17,
    11,
    14,
    2,
    1
  ],
  "MaskScaryFace": [
    17,
    16,
    10,
    11,
    1,
    2
  ],
  "MaskScream": [
    10,
    16,
    17,
    11,
    14,
    2,
    1
  ],
  "MaskScubagear": [
    17,
    28
  ],
  "MaskSkimask": [
    17,
    14,
    11,
    10,
    12,
    16
  ],
  "MaskSkull": [
    2,
    16,
    10,
    1,
    11,
    5,
    3,
    4,
    29,
    13,
    30,
    17
  ],
  "MaskSnorkelBlue": [
    17,
    12
  ],
  "MaskSnorkelGold": [
    17,
    12
  ],
  "MaskSnorkelGreen": [
    17,
    12
  ],
  "MaskSnorkelRed": [
    17,
    12
  ],
  "MaskSnowman": [
    17,
    16,
    10,
    1,
    11,
    14
  ],
  "MaskStreetArtist": [
    16,
    17
  ],
  "MaskSuperBunnyBlue": [
    11,
    14,
    10
  ],
  "MaskSuperBunnyPink": [
    11,
    14,
    10
  ],
  "MaskSuperHeroBlack": [
    2,
    14,
    10,
    11
  ],
  "MaskSuperHeroBlue": [
    11,
    14,
    10,
    2
  ],
  "MaskSuperheroBuzzkill": [
    10,
    2,
    31,
    17
  ],
  "MaskSuperheroDaBomba": [
    11,
    2,
    14,
    10
  ],
  "MaskSuperHeroGloomyClubber": [
    11,
    2,
    14,
    10
  ],
  "MaskSuperHeroGreen": [
    2,
    14
  ],
  "MaskSuperHeroineBlack": [
    12
  ],
  "MaskSuperHeroKettle": [
    17,
    10,
    2
  ],
  "MaskSuperHeroRed": [
    11,
    14,
    10,
    1,
    2
  ],
  "MaskSuperheroRetributor": [
    11,
    14,
    1,
    2
  ],
  "MaskSuperheroTridentist": [
    11,
    2,
    14,
    10,
    31
  ],
  "MaskSurgicalWhite": [
    16
  ],
  "MaskSynthwave": [
    10,
    16,
    17,
    11,
    14,
    1
  ],
  "MaskTaunter": [
    14,
    3,
    30,
    13,
    4,
    29,
    5
  ],
  "MaskTeddyBlue": [
    17,
    16,
    10,
    12,
    11,
    14
  ],
  "MaskTeddyPink": [
    17,
    16,
    10,
    12,
    11,
    14
  ],
  "MaskTentacleshooter": [
    2,
    12,
    14,
    17,
    11,
    24
  ],
  "MaskTiki": [
    10,
    16,
    17,
    12,
    14
  ],
  "MaskTopHeadHeroBlack": [
    11,
    2
  ],
  "MaskTopHeadHeroBlue": [
    11,
    2
  ],
  "MaskTopHeadHeroGreen": [
    11,
    2
  ],
  "MaskTopHeadHeroPurple": [
    11,
    2
  ],
  "MaskTopHeadHeroRed": [
    11,
    2
  ],
  "MaskTormentor": [
    14,
    3,
    30,
    13,
    4,
    29,
    10
  ],
  "MaskTurtle": [
    17,
    16,
    11
  ],
  "MaskTurtlesHeroOrange": [
    2,
    12,
    31
  ],
  "MaskTurtlesHeroPink": [
    2,
    12,
    31
  ],
  "MaskTurtlesHeroTurquoise": [
    2,
    12,
    31
  ],
  "MaskTurtlesHeroYellow": [
    2,
    12,
    31
  ],
  "MaskWitchHunter": [
    16
  ],
  "MountFlyingBathtub": [
    28,
    34
  ],
  "MountFlyingEasterEgg": [
    28,
    34
  ],
  "MountFlyingHotRod": [
    28,
    34
  ],
  "MountFlyingJetBlue": [
    28,
    34
  ],
  "MountFlyingJetRed": [
    28,
    34
  ],
  "MountFlyingJetSpaceWarrior": [
    28,
    34
  ],
  "MountFlyingPropellerBlue": [
    28,
    34
  ],
  "MountFlyingPropellerFighter": [
    28,
    34
  ],
  "MountFlyingPropellerWooden": [
    28,
    34
  ],
  "WingsFishfins": [
    28
  ],
  "WingsFlaming": [
    28
  ],
  "WingsGhost": [
    28
  ],
  "WingsGoldNBlack": [
    28
  ],
  "WingsHeart": [
    28
  ],
  "WingsIonThrusters": [
    28
  ],
  "WingsLeaf": [
    28
  ],
  "WingsMechanical": [
    28,
    20
  ],
  "WingsMechanicalGolden": [
    28
  ],
  "WingsOcean": [
    28
  ],
  "WingsPegasus": [
    28
  ],
  "WingsPixie": [
    28
  ],
  "WingsRaven": [
    28
  ],
  "WingsSkeleton": [
    28
  ],
  "WingsSongo": [
    28
  ],
  "WingsSpectral": [
    28
  ],
  "WingsStPatricks21": [
    28
  ],
  "WingsSuperheroBuzzkill": [
    28
  ],
  "WingsTormentor": [
    28
  ],
  "WingsTripple": [
    28
  ],
  "WingsValkyria": [
    28
  ],
  "WingsWatermelon": [
    28
  ],
  "WingsWinter": [
    28
  ],
  "WristBandsAdminEndlessDeath": [
    23
  ],
  "WeaponScytheSpirit": [
    24
  ],
  "WeaponArcaneSpell": [
    24
  ],
  "SuitCamouflageSoilblock": [
    21,
    22,
    23,
    25,
    26,
    18,
    30,
    13,
    17,
    20,
    10,
    11,
    12,
    14,
    15,
    16,
    19,
    32,
    33,
    7,
    8,
    2,
    1,
    5,
    6,
    27,
    24,
    28
  ],
  "JetPackLongJumpExplosive": [
    28,
    20
  ],
  "JetPackLongJumpAncientGolem": [
    28
  ],
  "WeaponSwordInferno": [
    24
  ],
  "HatCrownMedusa": [
    10
  ],
  "WingsScorcher": [
    28
  ],
  "WingsWhirlwindHair": [
    28,
    11
  ],
  "MaskNosferatu": [
    1,
    2,
    5,
    3,
    13,
    30,
    14
  ],
  "MaskGolemGolden": [
    16,
    17,
    10,
    11
  ],
  "MaskScorcher": [
    1,
    14,
    3,
    13,
    30,
    2,
    5
  ],
  "HatHornsScorcher": [
    10
  ],
  "WingsNightmare": [
    28
  ],
  "PantsScorcher": [
    32,
    18,
    19,
    9
  ],
  "SuitGhostPurple": [
    6,
    7,
    8,
    18,
    19,
    9,
    23,
    26,
    1,
    3,
    4,
    29,
    32,
    13,
    30,
    33
  ],
  "MaskAnubis": [
    1,
    14,
    3,
    2,
    5,
    17,
    16,
    11,
    10
  ],
  "WeaponBladesTurok": [
    24,
    27
  ],
  "ShirtAnubis": [
    21,
    22,
    25
  ],
  "SkirtAnubis": [
    18
  ],
  "ShoesAnubis": [
    19
  ],
  "WeaponSwordAnubis": [
    24
  ],
  "BackhandItemAnubisShield": [
    27
  ],
  "TailScorcher": [
    33
  ],
  "WingsBackgoyle": [
    28,
    10
  ],
  "HatWoolcapBlack": [
    10
  ],
  "CapeUndead": [
    28,
    10,
    14,
    20
  ],
  "JetPackLongJumpDimensionArms": [
    28
  ],
  "WingsRetroButterfly": [
    28
  ],
  "WeaponSwordCyberBlade": [
    24
  ],
  "WeaponSwordDadaoJade": [
    24
  ],
  "ShirtHoodieWhite": [
    21,
    22,
    25,
    10,
    11,
    14
  ],
  "RobesLight": [
    21,
    22,
    25,
    18
  ],
  "HatHoodLight": [
    10,
    14,
    11
  ],
  "WingsIceBlade": [
    28
  ],
  "HatTopHatWhite": [
    10
  ],
  "HatConeFestive": [
    10
  ],
  "NeckScarfXMas": [
    20
  ],
  "HatSombreroGeneric": [
    10
  ],
  "WeaponShuriken": [
    24
  ],
  "WeaponMaceFrostGiants": [
    24
  ],
  "WeaponGuitarStPatricks": [
    24
  ],
  "ContactLensesFrost": [
    13,
    30,
    4,
    29,
    3,
    12
  ],
  "ShoesPWRWhite": [
    19
  ],
  "GlovesPWRWhite": [
    23,
    26
  ],
  "HatHelmetVisorPWRWhite": [
    10,
    17,
    11,
    16,
    12,
    14
  ],
  "SuitPWRWhite": [
    21,
    22,
    25,
    18
  ],
  "SuitSuperheroHulkWhite": [
    21,
    22,
    25,
    18,
    19,
    6,
    7,
    8,
    9,
    32,
    28,
    23,
    26,
    27
  ],
  "GlassesEternalTears": [
    13,
    30,
    4,
    29,
    3,
    12
  ],
  "HatHelmetArmorValentine2022": [
    10,
    17,
    11
  ],
  "PantsArmorValentine2022": [
    18,
    19
  ],
  "ShirtArmorValentine2022": [
    21,
    22,
    25
  ],
  "DressWeddingPink": [
    21,
    22,
    25,
    18
  ],
  "MaskCoffee": [
    1,
    5,
    2,
    11,
    10,
    17,
    16,
    31
  ],
  "HatHelmetLight": [
    17,
    16,
    1,
    11,
    14
  ],
  "SuitMorphsuitWhite": [
    9,
    7,
    8,
    6,
    1,
    31,
    32,
    2,
    5
  ],
  "HatWizard": [
    10
  ],
  "WeaponPlunger": [
    24
  ],
  "WeaponSwordValentine2022": [
    24
  ],
  "WeaponSwordNetherCrystal": [
    24
  ],
  "WeaponClubPixelJester": [
    24
  ],
  "MaskEggHunterTribe22": [
    1,
    2
  ],
  "NeckEmeraldEagleStone": [
    20,
    13,
    3,
    30,
    4,
    29
  ],
  "HatPoop": [
    10
  ],
  "HatSiren": [
    10
  ],
  "HatCandle": [
    10
  ],
  "BeardGaribaldi": [
    16
  ],
  "HairKhaleesiBlack": [
    11
  ],
  "WingsDrakePurpleWhite": [
    28
  ],
  "GlassesVisorRed": [
    12
  ],
  "HairSpikyJPopWhite": [
    11
  ],
  "HatHaloBloodBlack": [
    10
  ],
  "MaskDragonGreen": [
    10,
    17,
    16,
    11
  ],
  "WingsDragonBlack": [
    28
  ],
  "WingsDrakeOrange": [
    28
  ],
  "WingsSpriteYellow": [
    28
  ],
  "HatWoolcapGreen": [
    10
  ],
  "HatWoolyBlue": [
    10
  ],
  "HatWoolyRed": [
    10
  ],
  "HatXmas17Black": [
    10,
    14,
    11
  ],
  "HatXmas17Blonde": [
    10,
    14,
    11
  ],
  "HatXmas17Brunette": [
    10,
    14,
    11
  ],
  "HatXmasBeanieGreen": [
    10
  ],
  "HatXmasBeanieRed": [
    10
  ],
  "HatXMasTophat": [
    10
  ],
  "HeadphonesAdminJaakko": [
    10,
    14
  ],
  "HeadphonesBlack": [
    10,
    14
  ],
  "HeadphonesBlue": [
    10,
    14
  ],
  "HeadphonesRed": [
    10,
    14
  ],
  "HoodFrostBorn": [
    10,
    14,
    17,
    11
  ],
  "HoodieXmasBlack": [
    21,
    22,
    25,
    10,
    11,
    14
  ],
  "InfluencerWickerHat": [
    10
  ],
  "JacketAdminJaakko": [
    21,
    22,
    25,
    16
  ],
  "JacketBlack": [
    21,
    22,
    25
  ],
  "JacketSuede": [
    21,
    22,
    25
  ],
  "JetPackDark": [
    28
  ],
  "JetPackLongJump": [
    28
  ],
  "JetPackLongJumpAchievement": [
    28
  ],
  "JetPackLongJumpPumpkin": [
    28
  ],
  "JetPackLongJumpRetributor": [
    28
  ],
  "JetPackPlasma": [
    28
  ],
  "JetPackSnow": [
    28
  ],
  "JetPackSoda": [
    28
  ],
  "JetPackSpectral": [
    28
  ],
  "JumpsuitAnniversary": [
    21,
    22,
    25,
    18
  ],
  "JumpsuitBruceLee": [
    21,
    22,
    25,
    18
  ],
  "JumpsuitFemale": [
    21,
    22,
    25,
    18,
    19
  ],
  "JumpsuitMale": [
    21,
    22,
    25,
    18,
    19
  ],
  "MagicSpeechBubbleDark": [
    15
  ],
  "MaskAdminEndless": [
    10,
    16,
    17,
    12,
    11,
    1
  ],
  "MaskAlien1": [
    17,
    16,
    10,
    12,
    11,
    14,
    1,
    2
  ],
  "MaskAlien2": [
    17,
    16,
    10,
    12,
    11,
    14,
    2,
    1
  ],
  "MaskAugmented": [
    16
  ],
  "MaskBatman": [
    17,
    14,
    11,
    10,
    12
  ],
  "MaskBirdTribe": [
    12
  ],
  "MaskBlackbird": [
    11,
    14,
    10,
    2
  ],
  "MaskBoxHead": [
    17,
    14,
    11,
    10,
    12,
    16
  ],
  "MaskBubbleGum": [
    10,
    16,
    17,
    11
  ],
  "MaskBunnyDark": [
    17,
    16,
    10,
    12,
    11,
    14,
    1,
    2
  ],
  "MaskBunnyGreen": [
    17,
    16,
    10,
    12,
    11,
    14,
    1,
    2
  ],
  "MaskBunnynator": [
    17,
    16,
    10,
    12,
    11,
    14,
    1,
    2
  ],
  "MaskBunnyrai": [
    16
  ],
  "MaskBurger": [
    10,
    11,
    16,
    17,
    14,
    4,
    1,
    29,
    13,
    30,
    3,
    12,
    2
  ],
  "MaskCarneval": [
    12
  ],
  "MaskCarnivorousPlant": [
    10,
    16,
    17,
    11,
    12,
    14
  ],
  "MaskChick": [
    10,
    16,
    17,
    11,
    1
  ],
  "MaskChuckyScars": [
    16
  ],
  "MaskClanBot": [
    10,
    17,
    11,
    16,
    14
  ],
  "MaskCorpsePaint": [
    1,
    2
  ],
  "MaskCostumeCat": [
    16,
    17,
    11,
    14,
    1,
    31
  ],
  "MaskCostumeDog": [
    16,
    17,
    11,
    14,
    1,
    31
  ],
  "MaskCostumeKangaroo": [
    16,
    17,
    11,
    14,
    1,
    31
  ],
  "MaskCostumeMallard": [
    16,
    17,
    14,
    1,
    31
  ],
  "MaskCostumeMouse": [
    16,
    17,
    11,
    14,
    1,
    31
  ],
  "MaskCostumePig": [
    16,
    17,
    11,
    14,
    1,
    31
  ],
  "MaskCostumeRacoon": [
    16,
    17,
    11,
    14,
    1,
    31
  ],
  "MaskCostumeWolf": [
    16,
    17,
    11,
    14,
    1,
    31
  ],
  "MaskCrow": [
    1,
    2
  ],
  "MaskCthulhu": [
    1,
    2,
    5,
    31,
    11,
    16
  ],
  "MaskDarkIfrit": [
    3,
    30,
    13,
    4,
    29,
    10
  ],
  "MaskDeepOne": [
    1,
    2,
    5,
    31,
    3,
    16,
    4,
    29,
    13,
    30
  ],
  "MaskDemonic": [
    1,
    2,
    5,
    31,
    11,
    14,
    16
  ],
  "MaskDevil": [
    16,
    17,
    10
  ],
  "MaskDragonBlue": [
    10,
    17,
    16,
    11
  ],
  "MaskDraugr": [
    17,
    1,
    10,
    11,
    14,
    16
  ],
  "MaskEarth": [
    1,
    5,
    31,
    11,
    16,
    10,
    14,
    2
  ],
  "MaskEggDetector": [
    10,
    16,
    17
  ],
  "MaskEggHunterTribe": [
    1,
    2
  ],
  "MaskEggHunterTribe19": [
    1,
    2
  ],
  "MaskEggHunterTribe20": [
    1,
    2
  ],
  "MaskEggHunterTribe21": [
    1,
    2
  ],
  "MaskExecutioner": [
    10,
    14,
    11,
    17
  ],
  "MaskEyesHeroBlack": [
    2,
    12
  ],
  "MaskEyesHeroBlue": [
    2,
    12
  ],
  "MaskEyesHeroGreen": [
    2,
    12
  ],
  "MaskEyesHeroPurple": [
    2,
    12
  ],
  "MaskEyesHeroRed": [
    2,
    12
  ],
  "MaskFacehugger": [
    16
  ],
  "MaskFacePaintClanDark": [
    2
  ],
  "MaskFacePaintClanLight": [
    2
  ],
  "MaskFaceScarfGreen": [
    16
  ],
  "MaskFaceScarfRed": [
    16
  ],
  "MaskFaceSkull": [
    16
  ],
  "MaskFaceStPatricks": [
    16
  ],
  "MaskFaceTentacles": [
    16
  ],
  "MaskFantasyWoodElf": [
    16
  ],
  "MaskFisherPipeBubble": [
    17
  ],
  "MaskFisherScarfProBlue": [
    16
  ],
  "MaskFisherWhistle": [
    17
  ],
  "MaskFlaming": [
    3,
    14,
    1,
    2,
    4,
    29,
    13,
    30,
    5,
    11,
    31
  ],
  "MaskFlamingIce": [
    3,
    14,
    1,
    2,
    4,
    29,
    13,
    30,
    5,
    11,
    31
  ],
  "MaskFrankenstein": [
    1,
    2,
    5,
    31,
    17,
    11
  ],
  "MaskGas": [
    16,
    17
  ],
  "MaskGasClanDark": [
    16
  ],
  "MaskGasClanLight": [
    16
  ],
  "HatFedoraWhite": [
    10
  ],
  "HatFedoraYellow": [
    10
  ],
  "HatFireFighter": [
    10
  ],
  "HatFisherBaitHatBlue": [
    10
  ],
  "HatFisherBaitHatGreen": [
    10
  ],
  "HatFisherFishHead": [
    10
  ],
  "HatFisherProBlue": [
    10
  ],
  "HatFisherRainYellow": [
    10,
    11
  ],
  "HatFisherRodman": [
    10
  ],
  "HatFisherSnufnomad": [
    10
  ],
  "HatFishFin": [
    14,
    11,
    10
  ],
  "HatFlatCapWhite": [
    10
  ],
  "HatFlightCaptain": [
    10
  ],
  "HatFoil": [
    10
  ],
  "HatForeheadGlasses": [
    10
  ],
  "HatFrog": [
    10,
    11,
    14
  ],
  "HatGlassHelmet": [
    10,
    17,
    11,
    12,
    14,
    16
  ],
  "HatGolfBeret": [
    10
  ],
  "HatHalo": [
    10
  ],
  "HatHaloBlood": [
    10
  ],
  "HatHaloSpectral": [
    10
  ],
  "HatHardHat": [
    10
  ],
  "HatHavaiianFlower": [
    10
  ],
  "HatHazMat": [
    10,
    17,
    11,
    16,
    12,
    14
  ],
  "HatHeadbandRed": [
    10
  ],
  "HatHeadScarfBlack": [
    10
  ],
  "HatHeadScarfLightBlueHead": [
    10
  ],
  "HatHeadScarfRed": [
    10
  ],
  "HatHeartAntennas": [
    10
  ],
  "HatHelmetArmorCandyKnight": [
    10,
    11,
    16,
    17,
    14
  ],
  "HatHelmetArmoredWalker": [
    10,
    14,
    11,
    1,
    17,
    2,
    5,
    16
  ],
  "HatHelmetArmorKnight": [
    11,
    14,
    17,
    10,
    1,
    2,
    16
  ],
  "HatHelmetBloodLord": [
    11,
    14,
    17,
    10,
    1,
    2,
    16
  ],
  "HatHelmetBone": [
    10,
    17,
    11,
    16,
    12,
    14
  ],
  "HatHelmetChaos": [
    10,
    14,
    11,
    1,
    17,
    2,
    5,
    16
  ],
  "HatHelmetDemonic": [
    10,
    17,
    11,
    16
  ],
  "HatHelmetEasterBunnyrai": [
    10
  ],
  "HatHelmetExcavator": [
    10
  ],
  "HatHelmetGalacticChampion": [
    11,
    14,
    17,
    10,
    1,
    2,
    16
  ],
  "HatHelmetGladiator": [
    17,
    16,
    10,
    1,
    11,
    14,
    2
  ],
  "HatHelmetGreen": [
    10,
    17,
    11,
    16,
    12,
    14
  ],
  "HatHelmetHercules": [
    10
  ],
  "HatHelmetIceHockey": [
    10
  ],
  "HatHelmetJetPilot": [
    10,
    11,
    14,
    12
  ],
  "HatHelmetJigasa": [
    10
  ],
  "HatHelmetLeaf": [
    10,
    11,
    16,
    17,
    14
  ],
  "HatHelmetLegionaryGeneral": [
    10,
    17,
    11
  ],
  "HatHelmetLegionaryOfficer": [
    10,
    17,
    11
  ],
  "HatHelmetLegionaryPlain": [
    10,
    17,
    11
  ],
  "HatHelmetLion": [
    10,
    17,
    11,
    16,
    12,
    14
  ],
  "HatHelmetLords": [
    17,
    14,
    11,
    10,
    12
  ],
  "HatHelmetMining": [
    10,
    14
  ],
  "HatHelmetMiningFlameBooster": [
    10
  ],
  "HatHelmetMiningGolden": [
    10,
    14
  ],
  "HatHelmetOldDiveSuit": [
    10,
    17,
    11,
    2,
    14,
    16
  ],
  "HatHelmetOx": [
    10,
    17,
    16,
    11
  ],
  "HatHelmetPaladin": [
    17,
    14,
    11,
    10,
    12,
    16
  ],
  "HatHelmetRacerBlack": [
    10,
    11,
    14
  ],
  "HatHelmetRacerBlue": [
    10,
    11,
    14
  ],
  "HatHelmetRacerGreen": [
    10,
    11,
    14
  ],
  "HatHelmetRacerRed": [
    10,
    11,
    14
  ],
  "HatHelmetRacerVisorUpBlack": [
    10,
    11,
    14
  ],
  "HatHelmetRacerVisorUpBlue": [
    10,
    11,
    14
  ],
  "HatHelmetRacerVisorUpGreen": [
    10,
    11,
    14
  ],
  "HatHelmetRacerVisorUpRed": [
    10,
    11,
    14
  ],
  "HatHelmetRacerVisorUpWhite": [
    10,
    11,
    14
  ],
  "HatHelmetRacerVisorUpYellow": [
    10,
    11,
    14
  ],
  "HatHelmetRacerWhite": [
    10,
    11,
    14
  ],
  "HatHelmetRacerYellow": [
    10,
    11,
    14
  ],
  "HatHelmetRacingSanta": [
    17,
    14,
    11,
    10,
    12
  ],
  "HatHelmetSamuraiBlack": [
    10
  ],
  "HatHelmetSamuraiRed": [
    10
  ],
  "HatHelmetSpace": [
    10,
    17,
    11,
    2,
    14,
    16,
    1
  ],
  "HatHelmetSpaceFighterPilot1": [
    10,
    14,
    11,
    1,
    17,
    2,
    5,
    16
  ],
  "HatHelmetSpaceFighterPilot2": [
    10,
    14,
    11
  ],
  "HatHelmetSpartan": [
    10,
    17,
    11
  ],
  "HatHelmetStellarScout": [
    11,
    14,
    17,
    10,
    1,
    2,
    16
  ],
  "HatHelmetVikingChainMail": [
    10,
    14,
    12,
    17,
    11
  ],
  "HatHelmetVikingSideIron": [
    10,
    14,
    12,
    17,
    11
  ],
  "HatHelmetVikingSimpleMasked": [
    10,
    14,
    12,
    17
  ],
  "HatHelmetVikingSkyrim": [
    10,
    17,
    12
  ],
  "HatHelmetVikingThor": [
    10,
    14,
    12,
    17,
    11
  ],
  "HatHelmetVikingTHorns": [
    10,
    14,
    12,
    17
  ],
  "HatHelmetVikingWarlord": [
    10,
    17,
    12
  ],
  "HatHelmetVisorDownAdminCommander": [
    10,
    17,
    11,
    16,
    12,
    14
  ],
  "HatHelmetVisorPWR": [
    10,
    17,
    11,
    16,
    12,
    14
  ],
  "HatHelmetVisorPWRBlack": [
    10,
    17,
    11,
    16,
    12,
    14
  ],
  "HatHelmetVisorPWRPink": [
    10,
    17,
    11,
    16,
    12,
    14
  ],
  "HatHelmetVisorPWRRed": [
    10,
    17,
    11,
    16,
    12,
    14
  ],
  "HatHelmetVisorPWRYellow": [
    10,
    17,
    11,
    16,
    12,
    14
  ],
  "HatHelmetVisorUpAdminCommander": [
    10,
    17,
    11,
    16,
    12,
    14
  ],
  "HatHelmetWatermelon": [
    10,
    14,
    11,
    1,
    17,
    5,
    16
  ],
  "HatHeroHoodBlack": [
    10,
    11,
    14
  ],
  "HatHollyWreath": [
    10
  ],
  "HatHoodBloodLord": [
    10,
    11,
    14,
    2
  ],
  "HatHoodElfMage": [
    10,
    11,
    14
  ],
  "HatHoodGreen": [
    10,
    11,
    14
  ],
  "HatHoodIceShaman": [
    10,
    14,
    11
  ],
  "HatHoodNinjaBlack": [
    10,
    11,
    16,
    17,
    14
  ],
  "HatHoodNinjaBlue": [
    10,
    11,
    16,
    17,
    14
  ],
  "ShirtSuperHeroPurple": [
    21,
    22,
    25
  ],
  "ShirtSuperHeroRed": [
    21,
    22,
    25
  ],
  "ShirtSuperheroRetributor": [
    21,
    22,
    25
  ],
  "ShirtSuperHeroSirLaser": [
    21,
    22,
    25
  ],
  "ShirtSuperheroTridentist": [
    21,
    22,
    25
  ],
  "ShirtSuspendersWhite": [
    21,
    22,
    25
  ],
  "ShirtSweaterWhite": [
    21,
    22,
    25
  ],
  "ShirtTanktopBlack": [
    21
  ],
  "ShirtTanktopBlue": [
    21
  ],
  "ShirtTanktopGreen": [
    21
  ],
  "ShirtTartan": [
    21,
    22,
    25
  ],
  "ShirtTBlack": [
    21,
    22,
    25
  ],
  "ShirtTGrey": [
    21,
    22,
    25
  ],
  "ShirtTopAdminEndlessDeath": [
    21
  ],
  "ShirtTopRapperBlack": [
    21
  ],
  "ShirtTopTribalOrc": [
    21,
    22,
    25
  ],
  "ShirtTSkullBlack": [
    21,
    22,
    25
  ],
  "ShirtTSkullBlue": [
    21,
    22,
    25
  ],
  "ShirtTSkullRed": [
    21,
    22,
    25
  ],
  "ShirtTuxedo": [
    21,
    22,
    25
  ],
  "ShirtTuxedoGreen": [
    21,
    22,
    25
  ],
  "ShirtTuxedoRed": [
    21,
    22,
    25
  ],
  "ShirtVestedRed": [
    21,
    22,
    25
  ],
  "ShirtVikingBerserker": [
    21,
    22,
    25
  ],
  "ShirtVikingWarriorChainmail": [
    21,
    22,
    25
  ],
  "ShirtVikingWarriorLeather": [
    21,
    22,
    25
  ],
  "ShirtWintercoatBlue": [
    21,
    22,
    25
  ],
  "ShirtWintercoatGreen": [
    21,
    22,
    25
  ],
  "ShirtWintercoatPink": [
    21,
    22,
    25
  ],
  "ShirtWintercoatYellow": [
    21,
    22,
    25
  ],
  "ShirtWoolWhite": [
    21,
    22,
    25
  ],
  "ShirtXmas17Sweater": [
    21,
    22,
    25
  ],
  "ShirtXmasWoollyRed": [
    21,
    22,
    25
  ],
  "ShoesAdminCommander": [
    19
  ],
  "ShoesAdminEndlessDeath": [
    19
  ],
  "ShoesAdventurer": [
    19
  ],
  "ShoesArmoredWalker": [
    19
  ],
  "ShoesAugmented": [
    19
  ],
  "ShoesBallerinaBlack": [
    19
  ],
  "ShoesBallerinaLacedPink": [
    19
  ],
  "ShoesBallerinaRed": [
    19
  ],
  "ShoesBallerinaWhite": [
    19
  ],
  "ShoesBasketballGansta": [
    19
  ],
  "ShoesBasketballWhite": [
    19
  ],
  "ShoesBatman": [
    19
  ],
  "ShoesBeachSlippers": [
    19
  ],
  "ShoesBlackBeard": [
    19
  ],
  "ShoesBlackbird": [
    19
  ],
  "ShoesBloodLord": [
    19
  ],
  "ShoesBouncy": [
    19
  ],
  "ShoesBrown": [
    19
  ],
  "ShoesBubbleGum": [
    19
  ],
  "ShoesBunnyDark": [
    19
  ],
  "ShoesBunnyGreen": [
    19
  ],
  "ShoesBunnynator": [
    19
  ],
  "ShoesCandyKnight": [
    19
  ],
  "ShoesCandyShoes": [
    19
  ],
  "ShoesChaos": [
    19
  ],
  "ShoesChick": [
    19
  ],
  "ShoesChoco": [
    19
  ],
  "ShoesClassyBlack": [
    19
  ],
  "ShoesClown": [
    19
  ],
  "ShoesCostumeCat": [
    19
  ],
  "ShoesCostumeDog": [
    19
  ],
  "ShoesCostumeKangaroo": [
    19
  ],
  "ShoesCostumeMouse": [
    19
  ],
  "ShoesCostumePig": [
    19
  ],
  "ShoesCostumeRacoon": [
    19
  ],
  "ShoesCostumeWolf": [
    19
  ],
  "ShoesDeepDweller": [
    19
  ],
  "ShoesEasterBunny": [
    19
  ],
  "ShoesEasterBunnyrai": [
    19
  ],
  "ShoesEasterRichboy": [
    19
  ],
  "ShoesEasterWitch": [
    19
  ],
  "ShoesElf": [
    19
  ],
  "ShoesExcavator": [
    19
  ],
  "ShoesFantasyHighElf": [
    19
  ],
  "ShoesFantasyRed": [
    19
  ],
  "ShoesFantasyWoodElf": [
    19
  ],
  "ShoesFisherFishes": [
    19
  ],
  "ShoesFisherRodmanSandals": [
    19
  ],
  "ShoesFlippersBlue": [
    19
  ],
  "ShoesFlippersGold": [
    19
  ],
  "ShoesFlippersGreen": [
    19
  ],
  "ShoesFlippersRed": [
    19
  ],
  "ShoesFootwraps": [
    19
  ],
  "ShoesFrostBorn": [
    19
  ],
  "ShoesGalacticChampion": [
    19
  ],
  "ShoesGeishaBlack": [
    19
  ],
  "ShoesGeishaRed": [
    19
  ],
  "ShoesGnome": [
    19
  ],
  "ShoesGroxsYellow": [
    19
  ],
  "ShoesHeffnerSlippers": [
    19
  ],
  "ShoesHighheelsPink": [
    19
  ],
  "ShoesIceSkatesXmas17": [
    19
  ],
  "ShoesKrampus": [
    19
  ],
  "ShoesLeaf": [
    19
  ],
  "ShoesLegionary": [
    19
  ],
  "ShoesLeisure": [
    19
  ],
  "ShoesLemmy": [
    19
  ],
  "WeaponSuperheroTridentistRed": [
    24
  ],
  "CapeMedievalLordsBlue": [
    28,
    10,
    11,
    14
  ],
  "CapeMedievalLordsGhost": [
    28,
    10,
    11,
    14
  ],
  "HatSteampunkPurple": [
    10
  ],
  "BeardMoustacheHandlebarOrange": [
    16
  ],
  "WingsAngelic": [
    28
  ],
  "WeaponSwordChain": [
    24
  ],
  "MaskWickedWitch": [
    1,
    2,
    5,
    3,
    13,
    30,
    14
  ],
  "HatWickedWitch": [
    10
  ],
  "WeaponBroomWickedWitch": [
    24
  ],
  "RobesWickedWitch": [
    21,
    22,
    25,
    18
  ],
  "WeaponHammerSpirit": [
    24
  ],
  "WingsOneWing": [
    28
  ],
  "PantsSeaHag": [
    32,
    33,
    18,
    19,
    9
  ],
  "WeaponSandalSummer": [
    24
  ],
  "MaskRectangleHead": [
    17,
    16,
    10,
    1,
    11,
    14,
    2
  ],
  "ContactLensesDarkness": [
    13,
    30,
    4,
    29,
    3
  ],
  "MaskMummyRoyal": [
    16,
    17,
    14,
    1,
    31,
    11,
    10
  ],
  "WeaponCrossbowStake": [
    24
  ],
  "WingsKitsuneTail": [
    28,
    33
  ],
  "WingsSinisterMoth": [
    28
  ],
  "HatHoodNinjaPurple": [
    10,
    11,
    16,
    17,
    14
  ],
  "HatHoodPenguin": [
    10,
    11,
    14
  ],
  "HatHoodVikingLadyBlonde": [
    10,
    17,
    11,
    16,
    14
  ],
  "HatHoodVikingLadyBrown": [
    10,
    17,
    11,
    16,
    14
  ],
  "HatHoodWarlock": [
    10,
    11,
    2,
    14
  ],
  "HatHoodWinterCoatBlue": [
    10,
    11,
    14
  ],
  "HatHoodWinterCoatGreen": [
    10,
    11,
    14
  ],
  "HatHoodWinterCoatPink": [
    10,
    11,
    14
  ],
  "HatHoodWinterCoatYellow": [
    10,
    11,
    14
  ],
  "HatHoodXMasCalendar": [
    10,
    11,
    14
  ],
  "HatHornsDemon": [
    10
  ],
  "HatHornsElk": [
    10
  ],
  "HatHornsFaun": [
    10
  ],
  "HatHornsKrampus": [
    10
  ],
  "HatHornsTaunter": [
    10
  ],
  "HatHornsTormentor": [
    10,
    14
  ],
  "HatIceCream": [
    10
  ],
  "HatImmisCat": [
    10
  ],
  "HatIronHelmet": [
    10
  ],
  "HatJingasa": [
    10,
    14,
    17,
    12
  ],
  "HatJumpsuitFemale": [
    10
  ],
  "HatJumpsuitMale": [
    10
  ],
  "HatLuckyCapRed": [
    10
  ],
  "HatMushroom": [
    10
  ],
  "HatNavalOfficer": [
    10
  ],
  "HatNavy": [
    10
  ],
  "HatNetherHood": [
    10,
    11,
    16,
    17,
    14
  ],
  "HatNetherMask": [
    16,
    17,
    12
  ],
  "HatNurse": [
    10
  ],
  "HatOctopus": [
    10,
    17,
    11,
    14
  ],
  "HatOrientalRed": [
    10
  ],
  "HatPacifist": [
    10
  ],
  "HatParatrooperBeretPurple": [
    10
  ],
  "HatPastaBowl": [
    10
  ],
  "HatPatricksHorned": [
    10
  ],
  "HatPilgrim": [
    10
  ],
  "HatPirateCaptain": [
    10
  ],
  "HatPixelJester": [
    10
  ],
  "HatPolice": [
    10
  ],
  "HatPomPomPink": [
    10
  ],
  "HatPorkPieRed": [
    10
  ],
  "HatPrivateerBlue": [
    10
  ],
  "HatPrivateerPurple": [
    10
  ],
  "HatPrivateerRed": [
    10
  ],
  "HatPropeller": [
    10
  ],
  "HatRapperScarfWhite": [
    10
  ],
  "HatRoyale": [
    10
  ],
  "HatSanta": [
    10
  ],
  "HatScarfSailor": [
    10
  ],
  "HatSeasonalRed": [
    10,
    11,
    14
  ],
  "HatSheriff": [
    10
  ],
  "HatSideCapBlue": [
    10
  ],
  "HatSideCapBrown": [
    10
  ],
  "HatSideCapGreen": [
    10
  ],
  "HatSkaterCapBlue": [
    10
  ],
  "HatSlouchyBeanieBlue": [
    10,
    11
  ],
  "HatSlouchyBeanieGrey": [
    10,
    11
  ],
  "HatSombrero": [
    10
  ],
  "HatSombrero2019": [
    10
  ],
  "HatSombrero2020": [
    10
  ],
  "HatSombrero2021": [
    10
  ],
  "HatSpring": [
    10,
    11,
    17
  ],
  "HatSteam3yo": [
    10
  ],
  "HatSteampunk": [
    10
  ],
  "HatStetson": [
    10
  ],
  "HatStetsonBeige": [
    10
  ],
  "HatStetsonGreen": [
    10
  ],
  "HatStPaddy": [
    10
  ],
  "HatStrawberry": [
    10
  ],
  "HatStrawHat": [
    10
  ],
  "HatSummerHiabi": [
    10,
    11,
    14,
    17
  ],
  "HatSummerPride": [
    10
  ],
  "HatSummerTurquoise": [
    10
  ],
  "HatSummerVogue": [
    10
  ],
  "HatSummerWide": [
    10
  ],
  "HatTartan": [
    10
  ],
  "HatTennisHeadband": [
    10
  ],
  "HatTiaraBirdTribeShaman": [
    10
  ],
  "HatTiaraGoldenWings": [
    10
  ],
  "HatTieraCandyQueen": [
    10
  ],
  "HatTopHat": [
    10
  ],
  "HatTophatDecoBlack": [
    10
  ],
  "HatTophatIrish": [
    10
  ],
  "HatTopHatRocker": [
    10
  ],
  "HatTophatSilly": [
    10
  ],
  "HatTrafficCone": [
    10
  ],
  "HatTurbanBlue": [
    10
  ],
  "HatUnicornHornPink": [
    10
  ],
  "HatVainamoinen": [
    10
  ],
  "HatVikingSwordThroughHead": [
    10
  ],
  "HatWeddingVeil": [
    28,
    10
  ],
  "HatWingDecorationRaven": [
    10
  ],
  "HatWinterCap": [
    10
  ],
  "HatWinterFox": [
    10,
    17
  ],
  "HatWinterHat": [
    10,
    11,
    14
  ],
  "HatWinterPurple": [
    10
  ],
  "HatWinterSeal": [
    10,
    11,
    14
  ],
  "HatWitchHunter": [
    10
  ],
  "HatWolf": [
    10
  ],
  "HatWonky": [
    10
  ],
  "PantsEasterRichboy": [
    18
  ],
  "PantsElf": [
    18
  ],
  "PantsFantasyHighElf": [
    18
  ],
  "PantsFantasyWoodElf": [
    18
  ],
  "PantsFaun": [
    32,
    18,
    19,
    9
  ],
  "PantsFisherWoodenLeg": [
    32,
    18,
    19,
    9
  ],
  "PantsFlightCaptain": [
    18
  ],
  "PantsFrostBorn": [
    18
  ],
  "PantsGalacticChampion": [
    18
  ],
  "PantsGopnik": [
    18
  ],
  "PantsHauntedMonkey": [
    32,
    18,
    19
  ],
  "PantsHeroTightsBlack": [
    32
  ],
  "PantsHeroTightsBlue": [
    32
  ],
  "PantsHeroTightsGreen": [
    32
  ],
  "PantsHeroTightsPurple": [
    32
  ],
  "PantsHeroTightsRed": [
    32
  ],
  "PantsJeansAdminJaakko": [
    18
  ],
  "PantsJeansBlue": [
    18
  ],
  "PantsJeansGanstaBaggy": [
    18
  ],
  "PantsJeansGreen": [
    18
  ],
  "PantsJeansRed": [
    18
  ],
  "PantsJorogumo": [
    32,
    33,
    18,
    19,
    9
  ],
  "PantsKrampus": [
    18
  ],
  "PantsKruger": [
    18
  ],
  "PantsLeaf": [
    18
  ],
  "PantsLeatherBlack": [
    18
  ],
  "PantsLeatherMedievalBrown": [
    18
  ],
  "PantsLeisure": [
    18
  ],
  "PantsLemmy": [
    18
  ],
  "PantsLeprechaun": [
    18
  ],
  "PantsMedievalLords": [
    18
  ],
  "PantsMermaid": [
    32,
    18,
    19,
    9
  ],
  "PantsNavalOfficer": [
    18
  ],
  "PantsNetherPants": [
    18
  ],
  "PantsNinjaBlue": [
    18
  ],
  "PantsNinjaDark": [
    18
  ],
  "PantsNinjaGrey": [
    18
  ],
  "PantsPaladin": [
    18
  ],
  "PantsPirateCaptain": [
    18
  ],
  "PantsPirateCaribbean": [
    18
  ],
  "PantsPumpkinBlackTower": [
    32,
    18,
    19,
    9
  ],
  "PantsPunk": [
    18
  ],
  "PantsPyjamasPink": [
    18
  ],
  "PantsSaggy": [
    18
  ],
  "PantsSailor": [
    18
  ],
  "PantsSamuraiArmorRedBlack": [
    18
  ],
  "PantsSamuraiArmorRedYellow": [
    18
  ],
  "PantsSanta": [
    18
  ],
  "PantsSeasonalRed": [
    18
  ],
  "PantsShortsGnome": [
    18
  ],
  "PantsShortsGreen": [
    18
  ],
  "PantsShortsJean": [
    18
  ],
  "PantsShortsLifeguard": [
    18
  ],
  "PantsShortsLove": [
    18
  ],
  "PantsSkirtTribalOrc": [
    18
  ],
  "PantsSnake": [
    32,
    18,
    19,
    9,
    33
  ],
  "PantsSoccer": [
    18
  ],
  "PantsSpandexGreen": [
    32
  ],
  "PantsSpeedosBlue": [
    18
  ],
  "PantsSpeedosGolden": [
    18
  ],
  "PantsSpeedosRed": [
    18
  ],
  "PantsStellarScout": [
    32,
    18,
    19,
    9
  ],
  "PantsStreetArtist": [
    18
  ],
  "PantsSummerShorts": [
    18
  ],
  "PantsSuperHeroBlack": [
    18
  ],
  "PantsSuperHeroBlue": [
    18
  ],
  "PantsSuperheroBuzzkill": [
    18,
    32
  ],
  "PantsSuperheroDaBomba": [
    18
  ],
  "PantsSuperHeroGloomyClubber": [
    18
  ],
  "PantsSuperHeroGreen": [
    18
  ],
  "PantsSuperHeroineBlack": [
    18
  ],
  "PantsSuperHeroPurple": [
    18
  ],
  "PantsSuperHeroRed": [
    18
  ],
  "PantsSuperheroRetributor": [
    32,
    18,
    19
  ],
  "PantsSuperHeroSirLaser": [
    18
  ],
  "PantsSuperheroTridentist": [
    18
  ],
  "PantsSweat": [
    18
  ],
  "PantsSweatPurple": [
    18
  ],
  "PantsTuxedo": [
    18
  ],
  "PantsTuxedoRed": [
    18
  ],
  "PantsVikingBerserker": [
    18
  ],
  "PantsWheelchair": [
    33,
    20,
    18,
    19,
    9,
    32,
    28
  ],
  "PantsWitchHunter": [
    18
  ],
  "PantsWoodyTwoLegs": [
    32,
    18,
    19,
    9
  ],
  "PantsXMasCalendar": [
    32,
    18
  ],
  "RobesCultist": [
    21,
    22,
    25,
    10,
    12,
    14,
    17
  ],
  "RobesIceShaman": [
    21,
    22,
    25,
    18
  ],
  "RobeStaffCaster": [
    21,
    22,
    25,
    10,
    16,
    14,
    17,
    11,
    1,
    12
  ],
  "ScarfButterfly": [
    20
  ],
  "ScarfGreen": [
    28,
    20
  ],
  "ScarfIrish": [
    28,
    20
  ],
  "ScarfRed": [
    28,
    20
  ],
  "ScarfStreetArtist": [
    10
  ],
  "ScarfXmas17": [
    20
  ],
  "ShirtAdventurer": [
    21,
    22,
    25
  ],
  "ShirtArmorCandyKnight": [
    21,
    22,
    25
  ],
  "ShirtArmorChaos": [
    21,
    22,
    25
  ],
  "ShirtArmoredWalker": [
    21,
    22,
    25
  ],
  "ShirtArmorHercules": [
    21,
    22,
    25
  ],
  "ShirtArmorKnight": [
    21,
    22,
    25,
    23,
    26
  ],
  "SuitFarmOveralls": [
    21,
    22,
    25,
    18
  ],
  "SuitGhost": [
    6,
    7,
    8,
    18,
    19,
    9,
    23,
    26,
    1,
    3,
    4,
    29,
    32,
    13,
    30,
    33
  ],
  "SuitGhostBlue": [
    6,
    7,
    8,
    18,
    19,
    9,
    23,
    26,
    1,
    3,
    4,
    29,
    32,
    13,
    30,
    33
  ],
  "SuitHazMat": [
    21,
    22,
    25,
    18
  ],
  "SuitInvisibility": [
    1,
    2,
    3,
    4,
    5,
    6,
    7,
    8,
    9,
    29,
    31,
    13,
    30,
    32,
    10,
    11,
    12,
    14,
    16,
    17,
    18,
    19,
    20,
    21,
    22,
    23,
    25,
    26,
    27,
    28,
    33
  ],
  "SuitJumpPrison": [
    21,
    22,
    25,
    18
  ],
  "SuitMannequin": [
    9,
    7,
    8,
    6,
    1,
    31
  ],
  "SuitMorphsuitBlack": [
    9,
    7,
    8,
    6,
    1,
    31,
    32,
    2,
    5
  ],
  "SuitMorphsuitGreen": [
    9,
    7,
    8,
    6,
    1,
    31,
    32,
    2,
    5
  ],
  "SuitMushroom": [
    21,
    22,
    18
  ],
  "SuitOnepiece": [
    21,
    22,
    25,
    18
  ],
  "SuitOnepiecePink": [
    21,
    22,
    25,
    18
  ],
  "SuitOverallsCandy": [
    21,
    22,
    25,
    18
  ],
  "SuitOverallsSkiSuitRetro": [
    21,
    22,
    25,
    18
  ],
  "SuitPWR": [
    21,
    22,
    25,
    18
  ],
  "SuitPWRBlack": [
    21,
    22,
    25,
    18
  ],
  "SuitPWRPink": [
    21,
    22,
    25,
    18
  ],
  "SuitPWRRed": [
    21,
    22,
    25,
    18
  ],
  "SuitPWRYellow": [
    21,
    22,
    25,
    18
  ],
  "SuitScifi": [
    21,
    22,
    25,
    18
  ],
  "SuitSleevlesRed": [
    21,
    22,
    25,
    18
  ],
  "SuitSnowman": [
    21,
    22,
    25,
    18,
    19,
    9,
    7,
    8,
    23,
    26
  ],
  "SuitSuperheroHulkBlack": [
    21,
    22,
    25,
    18,
    19,
    6,
    7,
    8,
    9,
    32,
    28,
    23,
    26,
    27
  ],
  "SuitSuperheroHulkBlue": [
    21,
    22,
    25,
    18,
    19,
    6,
    7,
    8,
    9,
    32,
    28,
    23,
    26,
    27
  ],
  "SuitSuperheroHulkGreen": [
    21,
    22,
    25,
    18,
    19,
    6,
    7,
    8,
    9,
    32,
    28,
    23,
    26,
    27
  ],
  "SuitSuperheroHulkPink": [
    21,
    22,
    25,
    18,
    19,
    6,
    7,
    8,
    9,
    32,
    28,
    23,
    26,
    27
  ],
  "SuitSuperheroHulkRed": [
    21,
    22,
    25,
    18,
    19,
    6,
    7,
    8,
    9,
    32,
    28,
    23,
    26,
    27
  ],
  "SuitSuperheroHulkYellow": [
    21,
    22,
    25,
    18,
    19,
    6,
    7,
    8,
    9,
    32,
    28,
    23,
    26,
    27
  ],
  "SuitSwimsuitPink": [
    21,
    22,
    25,
    18
  ],
  "SuitSwimsuitRetro": [
    21,
    22,
    25,
    18
  ],
  "SuitTeddyBlue": [
    21,
    22,
    25,
    18
  ],
  "SuitTeddyPink": [
    21,
    22,
    25,
    18
  ],
  "SuitToga": [
    18,
    21,
    22,
    25
  ],
  "SuitTurtle": [
    21,
    22,
    25,
    18
  ],
  "SuitUnelias": [
    21,
    22,
    25,
    18,
    10
  ],
  "SuitUnisexSwimsuit": [
    21,
    22,
    25,
    18
  ],
  "TailAlien": [
    33
  ],
  "TailBirdTribeShaman": [
    33
  ],
  "TailCatBlack": [
    33
  ],
  "TailCostumeCat": [
    33
  ],
  "TailCostumeDog": [
    33
  ],
  "TailCostumeKangaroo": [
    33
  ],
  "TailCostumeMouse": [
    33
  ],
  "TailCostumePig": [
    33
  ],
  "TailCostumeRacoon": [
    33
  ],
  "TailCostumeWolf": [
    33
  ],
  "TailDevil": [
    33
  ],
  "TailEasterBunny": [
    33
  ],
  "TailFaun": [
    33
  ],
  "TailFisherWorm": [
    33
  ],
  "TailHauntedMonkey": [
    33
  ],
  "TailMouse": [
    33
  ],
  "TailNanotech": [
    33
  ],
  "TailNetherTail": [
    33
  ],
  "TailPeafowl": [
    28,
    33
  ],
  "TailSuperHeroFox": [
    33
  ],
  "TailSuperheroRetributor": [
    33
  ],
  "TailTaunter": [
    33
  ],
  "TailTiger": [
    33
  ],
  "TailTormentor": [
    33
  ],
  "TailWinterFox": [
    33
  ],
  "TailWolf": [
    33
  ],
  "TeethSuperheroTridentist": [
    5
  ],
  "TightsBlack": [
    32
  ],
  "TightsRed": [
    32
  ],
  "TightsWhite": [
    32
  ],
  "TogaSenator": [
    21,
    22,
    25,
    18
  ],
  "TopEarRingFisherBait": [
    14
  ],
  "TopEggHunterTribe": [
    21,
    22
  ],
  "TunicMedievalExecutioners": [
    21,
    22
  ],
  "TunicMedievalLords": [
    21,
    22,
    25
  ],
  "Underwear": [
    32,
    21
  ],
  "VampireFangs": [
    5
  ],
  "WeaponAdminBanHammer": [
    24
  ],
  "WeaponAnniversarySword": [
    24
  ],
  "WeaponAxeBoarding": [
    24
  ],
  "WeaponAxeBone": [
    24
  ],
  "WeaponAxeClover": [
    24
  ],
  "WeaponAxeEaster": [
    24
  ],
  "WeaponAxeOutlander": [
    24
  ],
  "WeaponBaseballBat": [
    24
  ],
  "WeaponBaseballbatStPatricks": [
    24
  ],
  "WeaponBeeHiveStaff": [
    24
  ],
  "WeaponBone": [
    24
  ],
  "WeaponBoomerang": [
    24
  ],
  "WeaponBoquette": [
    24
  ],
  "WeaponBreadKnife": [
    24
  ],
  "WeaponCandyCane": [
    24
  ],
  "WeaponCandyFloss": [
    24
  ],
  "WeaponCandySceptre": [
    24
  ],
  "WeaponCaneEasterRichboy": [
    24
  ],
  "WeaponCarrot": [
    24
  ],
  "WeaponChineseDualMaces": [
    24,
    27
  ],
  "WeaponClaymore": [
    24
  ],
  "WeaponCleaver": [
    24
  ],
  "WeaponClubHercules": [
    24
  ],
  "WeaponCrookStaff": [
    24
  ],
  "WeaponCrossbowMechanical": [
    24
  ],
  "WeaponCrowbar": [
    24
  ],
  "WeaponDarkSword": [
    24
  ],
  "WeaponDualBananas": [
    24,
    27
  ],
  "WeaponDualNetherBlades": [
    24,
    27,
    20,
    28
  ],
  "WeaponDualWinterAxes": [
    24,
    27
  ],
  "WeaponDualWitchHunter": [
    24,
    27
  ],
  "WeaponDusterRainbow": [
    24
  ],
  "WeaponEasterBranch": [
    24
  ],
  "WeaponEasterBynnyrai": [
    24
  ],
  "WeaponEasterWitchBroom": [
    24
  ],
  "WeaponEggHunterTribe": [
    24
  ],
  "WeaponEggHunterTribe20": [
    24
  ],
  "WeaponEggHunterTribe21": [
    24
  ],
  "WeaponExecutionerAxe": [
    24
  ],
  "WeaponFish": [
    24
  ],
  "WeaponFlameSword": [
    24
  ],
  "WeaponFluteStPaddy": [
    24
  ],
  "WeaponFlyingCane": [
    24
  ],
  "WeaponFrostSpear": [
    24
  ],
  "WeaponFrostSword": [
    24
  ],
  "WeaponGlovesBoxing": [
    23,
    26,
    24,
    27
  ],
  "WeaponGlowStickBlue": [
    24
  ],
  "WeaponGlowStickGreen": [
    24
  ],
  "WeaponGlowStickRed": [
    24
  ],
  "WeaponGoldenClaymore": [
    24
  ],
  "WeaponGuitarAdminDev": [
    24
  ],
  "WeaponGuitarCrow": [
    24
  ],
  "WeaponGunAK47": [
    24
  ],
  "WeaponGunBazookaDubstep": [
    24
  ],
  "WeaponGunBeretta": [
    24
  ],
  "WeaponGunBunnynator": [
    24
  ],
  "WeaponGunEasterBazooka": [
    24
  ],
  "WeaponGunFlintlock": [
    24
  ],
  "WeaponGunGalacticChampion": [
    24
  ],
  "WeaponGunGoldenEagle": [
    24
  ],
  "WeaponGunGoldenM16": [
    24
  ],
  "WeaponGunIceRifle": [
    24
  ],
  "WeaponGunLaserScifi": [
    24
  ],
  "WeaponGunPlasmaBazooka": [
    24
  ],
  "WeaponGunRevolver": [
    24
  ],
  "WeaponGunSnowball": [
    24
  ],
  "WeaponGunSpectral": [
    24
  ],
  "WeaponGunStPatricks": [
    24
  ],
  "WeaponGunTeslapistol": [
    24
  ],
  "WeaponGunWaterLarge": [
    24
  ],
  "WeaponGunWaterMedium": [
    24
  ],
  "WeaponGunWaterSmall": [
    24
  ],
  "WeaponHandBell": [
    24
  ],
  "WeaponHarpoon": [
    24
  ],
  "WeaponIceCream": [
    24
  ],
  "WeaponInsultingBat": [
    24
  ],
  "WeaponKatana": [
    24
  ],
  "WeaponKatanaAdminJaakko": [
    24
  ],
  "WeaponLanceHighElf": [
    24
  ],
  "WeaponLaserGunSmall": [
    24
  ],
  "WeaponLifeguardFloater": [
    24
  ],
  "WeaponLollipop": [
    24
  ],
  "WeaponLongsword": [
    24
  ],
  "WeaponMace": [
    24
  ],
  "WeaponMaceOfCorruption": [
    24
  ],
  "WeaponMacePaladin": [
    24
  ],
  "WeaponMachette": [
    24
  ],
  "WeaponMicrophoneGansta": [
    24
  ],
  "WeaponNaginata": [
    24
  ],
  "WeaponNetherAxe": [
    24
  ],
  "WeaponNetherBlade": [
    24
  ],
  "WeaponNetherKey": [
    24
  ],
  "WeaponOrcClub": [
    24
  ],
  "WeaponPaintbrushGreen": [
    24
  ],
  "WeaponPickAxe": [
    24
  ],
  "WeaponPickaxeBasic": [
    24
  ],
  "WeaponPickaxeCrappy": [
    24
  ],
  "WeaponPickaxeDark": [
    24
  ],
  "WeaponPickaxeEpic": [
    24
  ],
  "WeaponPickaxeFlimsy": [
    24
  ],
  "WeaponPickaxeHeavy": [
    24
  ],
  "WeaponPickaxeMaster": [
    24
  ],
  "WeaponPickaxeSturdy": [
    24
  ],
  "WeaponPitchFork": [
    24
  ],
  "WeaponPoisonBlade": [
    24
  ],
  "WeaponPopsicle": [
    24
  ],
  "WeaponSai": [
    24
  ],
  "WeaponSamuraiKatana": [
    24
  ],
  "WeaponSantaCane": [
    24
  ],
  "WeaponSceptreFrostLord": [
    24
  ],
  "WeaponScythe": [
    24
  ],
  "WeaponScytheWarlock": [
    24
  ],
  "WeaponSeerStaff": [
    24
  ],
  "WeaponShieldApollo": [
    24
  ],
  "WeaponShieldClanDark": [
    24
  ],
  "WeaponShieldClanLight": [
    24
  ],
  "WeaponShogunKatana": [
    24
  ],
  "WeaponShortSword": [
    24
  ],
  "WeaponShortSwordGolden": [
    24
  ],
  "WeaponShoutGun": [
    24
  ],
  "WeaponShovel": [
    24
  ],
  "WeaponSickleFarm": [
    24
  ],
  "WeaponSpartanSword": [
    24
  ],
  "WeaponSpearRoman": [
    24
  ],
  "WeaponSpiritClaw": [
    24
  ],
  "WeaponStaffCaster": [
    24
  ],
  "WeaponStaffIceQueen": [
    24
  ],
  "MountFlyingPropellerYellow": [
    28,
    34
  ],
  "MountFlyingRocketBomb": [
    28,
    34
  ],
  "MountFlyingRocketSkull": [
    28,
    34
  ],
  "MountFlyingRocketSpace": [
    28,
    34
  ],
  "MountFlyingSantaSledge": [
    28,
    34
  ],
  "MountFlyingStarFighter": [
    28,
    34
  ],
  "MountFlyingTurboSledge": [
    28,
    34
  ],
  "MountFlyingUfoBasic": [
    28,
    34
  ],
  "MoustacheBaron": [
    16
  ],
  "MoustacheExcavator": [
    16
  ],
  "MoustacheFrostache": [
    16
  ],
  "MoustacheSuperheroDaBomba": [
    16
  ],
  "MouthTeethBunny": [
    5
  ],
  "MouthTeethCandy": [
    5
  ],
  "NeckAmuletBirdTribeShaman": [
    20
  ],
  "NeckChainGanstaGold": [
    20
  ],
  "NeckFannyBag": [
    20
  ],
  "NeckFaun": [
    20
  ],
  "NeckFisherScarfSnufnomad": [
    20
  ],
  "NeckFisherTalisman": [
    20
  ],
  "NeckFloaterCat": [
    20
  ],
  "NeckFloaterDog": [
    20
  ],
  "NeckFloaterDoughnut": [
    20
  ],
  "NeckFloaterDuck": [
    20
  ],
  "NeckFloaterFlamingo": [
    20
  ],
  "NeckFloaterTurtle": [
    20
  ],
  "NeckFloaterWalrus": [
    20
  ],
  "NeckHawaiianFlowers": [
    20
  ],
  "NeckHeroUtilityBeltOrange": [
    20
  ],
  "NeckHeroUtilityBeltPink": [
    20
  ],
  "NeckHeroUtilityBeltTurquoise": [
    20
  ],
  "NeckHeroUtilityBeltYellow": [
    20
  ],
  "NecklaceClanDark": [
    20
  ],
  "NecklaceClanLight": [
    20
  ],
  "NecklaceFrost": [
    20
  ],
  "NecklaceGlimmer": [
    20
  ],
  "NecklacePendantBrightness": [
    20
  ],
  "NecklacePendantMoment": [
    20
  ],
  "NecklaceRainbow": [
    20
  ],
  "NecklaceSpectral": [
    20
  ],
  "NecklaceUntouchable": [
    20
  ],
  "NecklaceWorm": [
    20
  ],
  "NeckLuckyCharm": [
    20
  ],
  "NeckRapperGold": [
    20
  ],
  "NeckRedRubyAdminEndless": [
    20,
    13,
    3,
    30,
    4,
    29
  ],
  "NeckScarfAviator": [
    20
  ],
  "NeckScarfSeasonalBlue": [
    20
  ],
  "NeckSpaceStrapsGreen": [
    20
  ],
  "NeckSpaceStrapsPurple": [
    20
  ],
  "NeckTieBlue": [
    20
  ],
  "NeckTieGreen": [
    20
  ],
  "NoseClown": [
    17
  ],
  "NoseEasterBunny": [
    17
  ],
  "OnepieceGingerbread": [
    21,
    22,
    25,
    18
  ],
  "OverallsBanana": [
    18,
    10,
    21,
    14,
    11,
    16,
    20
  ],
  "OverallsBumblebee": [
    21,
    22,
    25,
    32
  ],
  "OverallsChucky": [
    21,
    22,
    25,
    18
  ],
  "OverallsFisherProBlue": [
    21,
    22,
    25,
    18,
    19
  ],
  "OverallsHotDog": [
    21,
    22,
    18,
    10
  ],
  "OverallsJetPilot": [
    21,
    22,
    25,
    18
  ],
  "OverallsMummy": [
    21,
    22,
    25,
    18
  ],
  "OverallsOldDiveSuit": [
    21,
    22,
    25,
    18
  ],
  "OverallsPenguin": [
    21,
    22,
    25,
    18,
    9,
    19,
    33
  ],
  "OverallsPickle": [
    18,
    10,
    21,
    14,
    11,
    16,
    20
  ],
  "OverallsPixelJester": [
    21,
    22,
    25
  ],
  "OverallsRobochick": [
    21,
    22,
    25,
    18,
    9,
    19
  ],
  "OverallsSkeleton": [
    21,
    22,
    25,
    18,
    19
  ],
  "OverallsSpace": [
    21,
    22,
    25,
    18
  ],
  "OverallsSpaceFighterPilot": [
    21,
    22,
    25,
    18
  ],
  "OverallsWinterFox": [
    21,
    22,
    25,
    18
  ],
  "PantsAdminEndlessDeath": [
    32,
    18,
    19
  ],
  "PantsAdventurer": [
    18
  ],
  "PantsArmorCandyKnight": [
    18
  ],
  "PantsArmoredWalker": [
    18
  ],
  "PantsArmorKnight": [
    32,
    18,
    19
  ],
  "PantsArmorLight": [
    18
  ],
  "PantsAugmented": [
    18
  ],
  "PantsAviator": [
    18
  ],
  "PantsBaggyOrange": [
    18
  ],
  "PantsBatman": [
    18
  ],
  "PantsBirdTribe": [
    32,
    18,
    19,
    9
  ],
  "PantsBlackBeard": [
    18
  ],
  "PantsBlackbird": [
    18
  ],
  "PantsBloodLord": [
    18
  ],
  "PantsBorat": [
    18,
    32
  ],
  "PantsBrokenHoleBlack": [
    18
  ],
  "PantsBrokenHoleBlue": [
    18
  ],
  "PantsBuccaneer": [
    18
  ],
  "PantsBunny": [
    32,
    18,
    19
  ],
  "PantsCamo": [
    18
  ],
  "PantsCamoBlue": [
    18
  ],
  "PantsCandyShorts": [
    18
  ],
  "PantsCargo": [
    18
  ],
  "PantsChaos": [
    18
  ],
  "PantsClassyBlack": [
    18
  ],
  "PantsCrow": [
    18
  ],
  "PantsDarkIfrit": [
    32,
    18,
    19,
    9
  ],
  "PantsDeepDweller": [
    18
  ],
  "PantsDropping": [
    18
  ],
  "PantsEasterBunnyrai": [
    18
  ],
  "WeaponStaffIceShaman": [
    24
  ],
  "WeaponStaffLeaf": [
    24
  ],
  "WeaponStaffStarfish": [
    24
  ],
  "WeaponStaffSunrise": [
    24
  ],
  "WeaponStickLeprechaun": [
    24
  ],
  "WeaponStPatricks21": [
    24
  ],
  "WeaponSummerHammer": [
    24
  ],
  "WeaponSunHammer": [
    24
  ],
  "WeaponSunUmbrella": [
    24
  ],
  "WeaponSuperheroBuzzkill": [
    24
  ],
  "WeaponSuperheroDaBomba": [
    24
  ],
  "WeaponSuperHeroGloomyDualSticks": [
    24,
    27
  ],
  "WeaponSuperHeroShieldGreen": [
    24
  ],
  "WeaponSuperheroTridentist": [
    24
  ],
  "WeaponSurfboardGreen": [
    24
  ],
  "WeaponSurfboardPurple": [
    24
  ],
  "WeaponSurfboardYellow": [
    24
  ],
  "WeaponSwordAcidFlame": [
    24
  ],
  "WeaponSwordAdminMidnightWalker": [
    24
  ],
  "WeaponSwordArmoredWalker": [
    24
  ],
  "WeaponSwordBananasplit": [
    24
  ],
  "WeaponSwordBlood": [
    24
  ],
  "WeaponSwordButcher": [
    24
  ],
  "WeaponSwordCalibur": [
    24
  ],
  "WeaponSwordCandyKnight": [
    24
  ],
  "WeaponSwordChaos": [
    24
  ],
  "WeaponSwordClanDark": [
    24
  ],
  "WeaponSwordClanLight": [
    24
  ],
  "WeaponSwordClaymoreLeaf": [
    24
  ],
  "WeaponSwordCrimson": [
    24
  ],
  "WeaponSwordExcalibur": [
    24
  ],
  "WeaponSwordFalchion": [
    24
  ],
  "WeaponSwordFish": [
    24
  ],
  "WeaponSwordFrostBorn": [
    24
  ],
  "WeaponSwordGallowglass": [
    24
  ],
  "WeaponSwordGreen": [
    24
  ],
  "WeaponSwordHeartBreaker": [
    24
  ],
  "WeaponSwordHellhound": [
    24
  ],
  "WeaponSwordKnight": [
    24
  ],
  "WeaponSwordLaserBlue": [
    24
  ],
  "WeaponSwordLaserClaymore": [
    24
  ],
  "WeaponSwordLaserGreen": [
    24
  ],
  "WeaponSwordLaserRed": [
    24
  ],
  "WeaponSwordMantel": [
    24
  ],
  "WeaponSwordNinjato": [
    24
  ],
  "WeaponSwordPiranha": [
    24
  ],
  "WeaponSwordPumpkinBlackTower": [
    24
  ],
  "WeaponSwordRapier": [
    24
  ],
  "WeaponSwordRapierClover": [
    24
  ],
  "WeaponSwordRoman": [
    24
  ],
  "WeaponSwordSabre": [
    24
  ],
  "WeaponSwordSabreChinese": [
    24
  ],
  "WeaponSwordSabreGolden": [
    24
  ],
  "WeaponSwordsDualSpirit": [
    24,
    27
  ],
  "WeaponSwordsDualWoodElf": [
    24,
    27
  ],
  "WeaponSwordSlayer": [
    24
  ],
  "WeaponSwordSpartan": [
    24
  ],
  "WeaponSwordSpectral": [
    24
  ],
  "WeaponSwordSwiftSlicer": [
    24,
    20,
    28
  ],
  "WeaponSwordTentacle": [
    24
  ],
  "WeaponSwordWolfBlade": [
    24
  ],
  "WeaponSwordWooden": [
    24
  ],
  "WeaponThrowableAxe": [
    24
  ],
  "WeaponThrowableHammer": [
    24
  ],
  "WeaponTridentPoseidon": [
    24
  ],
  "WeaponUmbrellaPink": [
    24
  ],
  "WeaponVihta": [
    24
  ],
  "WeaponVikingAxeCurved": [
    24
  ],
  "WeaponVikingAxeDouble": [
    24
  ],
  "WeaponVikingAxeGreat": [
    24
  ],
  "WeaponVikingAxeMedium": [
    24
  ],
  "WeaponVikingHammerThor": [
    24
  ],
  "WeaponVikingShieldBlue": [
    24
  ],
  "WeaponVikingShieldGreen": [
    24
  ],
  "WeaponVikingShieldRed": [
    24
  ],
  "WeaponVikingShieldThor": [
    24
  ],
  "WeaponVikingSpear": [
    24
  ],
  "WeaponVikingSword": [
    24
  ],
  "WeaponWalkingCane": [
    24
  ],
  "WeaponWiringTool": [
    24
  ],
  "WingsAnniversary": [
    28
  ],
  "WingsBirdTribeShaman": [
    28
  ],
  "WingsBumblebee": [
    28
  ],
  "WingsButterfly": [
    28
  ],
  "WingsCherubPink": [
    28
  ],
  "WingsClanDark": [
    28
  ],
  "WingsClanLight": [
    28
  ],
  "WingsCloverWings": [
    28
  ],
  "WingsCombo": [
    28
  ],
  "WingsCthulhu": [
    28
  ],
  "WingsDarkCherub": [
    28
  ],
  "WingsDarkIfrit": [
    28
  ],
  "WingsDarkPixie": [
    28
  ],
  "WingsDarkSprite": [
    28
  ],
  "WingsDemon": [
    28
  ],
  "WingsDragonBlue": [
    28
  ],
  "WingsDrakeBlue": [
    28
  ],
  "WingsEmerald": [
    28
  ],
  "WingsFaerie": [
    28
  ],
  "WingsFaerieEaster": [
    28
  ],
  "ShirtArmorLeaf": [
    21,
    22,
    25
  ],
  "ShirtArmorLight": [
    21,
    22,
    25
  ],
  "ShirtArmorPaladin": [
    21,
    22,
    25
  ],
  "ShirtArmorPumpkinBlackTower": [
    21,
    22,
    25
  ],
  "ShirtAugmented": [
    21,
    22,
    25,
    7,
    8,
    23,
    26,
    24,
    27
  ],
  "ShirtBaseballHeart": [
    21,
    22,
    25
  ],
  "ShirtBatman": [
    21,
    22,
    25,
    23,
    26,
    20
  ],
  "ShirtBeachBelly": [
    21,
    16
  ],
  "ShirtBirdTribe": [
    21,
    22,
    25,
    28
  ],
  "ShirtBlackbird": [
    21,
    22,
    25,
    23,
    26
  ],
  "ShirtBloodLord": [
    21,
    22,
    25
  ],
  "ShirtBlouseOrange": [
    21,
    22,
    25
  ],
  "ShirtBlouseRed": [
    21,
    22,
    25
  ],
  "ShirtBowlingBlack": [
    21,
    22,
    25
  ],
  "ShirtBuccaneer": [
    21,
    22,
    25
  ],
  "ShirtClassyBlack": [
    21,
    22,
    25
  ],
  "ShirtCollegeBlue": [
    21,
    22,
    25
  ],
  "ShirtCollegePurple": [
    21,
    22,
    25
  ],
  "ShirtCollegeRed": [
    21,
    22,
    25
  ],
  "ShirtConstructionVest": [
    21,
    22,
    25
  ],
  "ShirtDeepDweller": [
    21,
    22,
    25
  ],
  "ShirtDressWhite": [
    21,
    22,
    25
  ],
  "ShirtEasterBunnyrai": [
    21,
    22,
    25
  ],
  "ShirtExcavator": [
    21,
    22,
    25
  ],
  "ShirtFakeMuscles": [
    6,
    7,
    8,
    21
  ],
  "ShirtFarmPlaidRed": [
    21,
    22,
    25
  ],
  "ShirtFatSanta": [
    21,
    22,
    25,
    6
  ],
  "ShirtFisherRainYellow": [
    21,
    22,
    25
  ],
  "ShirtFisherRodman": [
    21,
    25
  ],
  "ShirtFisherVestGreen": [
    21,
    22,
    25
  ],
  "ShirtFisherVestPeige": [
    21,
    22,
    25
  ],
  "ShirtFlash": [
    21,
    22,
    25
  ],
  "ShirtFlightCaptain": [
    21,
    22,
    25
  ],
  "ShirtFrostBorn": [
    21,
    22,
    25
  ],
  "ShirtGalacticChampion": [
    21,
    22,
    25
  ],
  "ShirtGopnik": [
    21,
    22,
    25
  ],
  "ShirtHauntedMonkey": [
    21,
    22,
    25
  ],
  "ShirtHeart": [
    21,
    22,
    25
  ],
  "ShirtHoodieBlue": [
    21,
    22,
    25,
    10,
    11,
    14
  ],
  "ShirtHoodieClanDark": [
    21,
    22,
    25,
    10,
    11,
    14
  ],
  "ShirtHoodieClanLight": [
    21,
    22,
    25,
    10,
    11,
    14
  ],
  "ShirtHoodieGreen": [
    21,
    22,
    25,
    10,
    11,
    14
  ],
  "ShirtHoodieGrey": [
    21,
    22,
    25,
    10,
    11,
    14
  ],
  "ShirtHoodieMod": [
    21,
    22,
    25,
    10,
    11,
    14
  ],
  "ShirtHoodieNether": [
    21,
    22,
    25,
    10,
    11,
    14
  ],
  "ShirtHoodieOrange": [
    21,
    22,
    25,
    10,
    11,
    14
  ],
  "ShirtHoodiePink": [
    21,
    22,
    25,
    10,
    11,
    14
  ],
  "ShirtHoodiePurple": [
    21,
    22,
    25,
    10,
    11,
    14
  ],
  "ShirtHoodieSupport": [
    21,
    22,
    25,
    10,
    11,
    14
  ],
  "ShirtHoodieSupportFemale": [
    21,
    22,
    25,
    10,
    11,
    14
  ],
  "ShirtHoodieXmas17": [
    21,
    22,
    25,
    10,
    11,
    14
  ],
  "ShirtHospitalGown": [
    21,
    22
  ],
  "ShirtJeanVest": [
    21,
    22,
    25
  ],
  "ShirtJerseyGanstaRed": [
    21,
    22,
    25
  ],
  "ShirtJerseyGreen": [
    21,
    22,
    25
  ],
  "ShirtJerseyPurple": [
    21,
    22,
    25
  ],
  "ShirtJerseyYellow": [
    21,
    22,
    25
  ],
  "ShirtKruger": [
    21,
    22,
    25
  ],
  "ShirtLabCoat": [
    21,
    22,
    25
  ],
  "ShirtLegionaryOfficer": [
    21,
    22,
    25
  ],
  "ShirtLegionaryPlain": [
    21,
    22,
    25
  ],
  "ShirtLeisure": [
    21,
    22,
    25
  ],
  "ShirtLemmy": [
    21,
    22,
    25
  ],
  "ShirtLifeVestOrange": [
    21
  ],
  "ShirtMcFlyVest": [
    21,
    22,
    25
  ],
  "ShirtMedievalPeasantRags": [
    21
  ],
  "ShirtMedievalRingMail": [
    21,
    22,
    25
  ],
  "ShirtNetherArmor": [
    21,
    22,
    25
  ],
  "ShirtNinjaBlack": [
    21,
    22,
    25
  ],
  "ShirtNinjaBlue": [
    21,
    22
  ],
  "ShirtNinjaDarkRed": [
    21,
    22,
    25
  ],
  "ShirtNinjaPurple": [
    21,
    22
  ],
  "ShirtPinkTuxedo": [
    21,
    22,
    25
  ],
  "ShirtPirateCaribbean": [
    21,
    22,
    25
  ],
  "ShirtPonchoLightGreen": [
    21,
    22
  ],
  "ShirtPunk": [
    21,
    22,
    25
  ],
  "ShirtPyjamasPink": [
    21,
    22,
    25
  ],
  "ShirtRainbow": [
    21,
    22,
    25
  ],
  "ShirtSailor": [
    21,
    22,
    25
  ],
  "ShirtSailorSweater": [
    21,
    22,
    25
  ],
  "ShirtSamuraiArmorBlack": [
    21,
    22,
    25
  ],
  "ShirtSamuraiArmorRed": [
    21,
    22,
    25
  ],
  "ShirtSanta": [
    21,
    22,
    25
  ],
  "ShirtScaryGreenStripe": [
    21,
    22,
    25
  ],
  "ShirtSmokingJacketBlue": [
    21,
    22,
    25
  ],
  "ShirtSoccer": [
    21,
    22,
    25
  ],
  "ShirtSpartan": [
    21
  ],
  "ShirtSportsTopBlue": [
    21
  ],
  "ShirtSportsTopGold": [
    21
  ],
  "ShirtSportsTopRed": [
    21
  ],
  "ShirtStellarScout": [
    21,
    22,
    25
  ],
  "ShirtStraightJacket": [
    21,
    22,
    25,
    7,
    8,
    23,
    26,
    24,
    27
  ],
  "ShirtStreetArtist": [
    21,
    22,
    25
  ],
  "ShirtSuperHeroBlack": [
    21,
    22,
    25
  ],
  "ShirtSuperHeroBlue": [
    21,
    22,
    25
  ],
  "ShirtSuperheroBuzzkill": [
    21,
    22,
    25
  ],
  "ShirtSuperheroDaBomba": [
    21,
    22,
    25
  ],
  "ShirtSuperHeroGloomyClubber": [
    21,
    22,
    25
  ],
  "ShirtSuperHeroGreen": [
    21,
    22,
    25
  ],
  "ShirtSuperHeroineBlack": [
    21
  ],
  "ShoesLeprechaun": [
    19
  ],
  "ShoesLight": [
    19
  ],
  "ShoesLightBlue": [
    19
  ],
  "ShoesLoafers": [
    19
  ],
  "ShoesNavalOfficer": [
    19
  ],
  "ShoesNetherPaws": [
    19
  ],
  "ShoesNinjaGrey": [
    19
  ],
  "ShoesNinjaPurple": [
    19
  ],
  "ShoesNinjaRed": [
    19
  ],
  "ShoesOldDiveSuit": [
    19
  ],
  "ShoesOnepiece": [
    19
  ],
  "ShoesPaladin": [
    19
  ],
  "ShoesPirateCaptain": [
    19
  ],
  "ShoesPixelJester": [
    19
  ],
  "ShoesPunk": [
    19
  ],
  "ShoesPWR": [
    19
  ],
  "ShoesPWRBlack": [
    19
  ],
  "ShoesPWRPink": [
    19
  ],
  "ShoesPWRRed": [
    19
  ],
  "ShoesPWRYellow": [
    19
  ],
  "ShoesRollerblades": [
    19
  ],
  "ShoesRubberBootsRed": [
    19
  ],
  "ShoesRubberBootsYellow": [
    19
  ],
  "ShoesSamuraiArmorWhiteBrown": [
    19
  ],
  "ShoesSamuraiArmorYellowBlack": [
    19
  ],
  "ShoesSanta": [
    19
  ],
  "ShoesSkiBoots": [
    19
  ],
  "ShoesSloMo": [
    19
  ],
  "ShoesSneakersAdminJaakko": [
    19
  ],
  "ShoesSneakersGreen": [
    19
  ],
  "ShoesSneakersPink": [
    19
  ],
  "ShoesSneakersRed": [
    19
  ],
  "ShoesSneakersWhite": [
    19
  ],
  "ShoesSocksWithSandals": [
    19
  ],
  "ShoesSpace": [
    19
  ],
  "ShoesSpartan": [
    19
  ],
  "ShoesStreetArtist": [
    19
  ],
  "ShoesSuitAlien1": [
    19
  ],
  "ShoesSuitAlien2": [
    19
  ],
  "ShoesSummerBouncy": [
    19
  ],
  "ShoesSuperHeroBlack": [
    19
  ],
  "ShoesSuperheroBuzzkill": [
    19
  ],
  "ShoesSuperheroDaBomba": [
    19
  ],
  "ShoesSuperHeroGloomyClubber": [
    19
  ],
  "ShoesSuperHeroGreen": [
    19
  ],
  "ShoesSuperHeroineBlack": [
    19
  ],
  "ShoesSuperHeroPurple": [
    19
  ],
  "ShoesSuperHeroRed": [
    19
  ],
  "ShoesSuperHeroSirLaser": [
    19
  ],
  "ShoesSuperheroTridentist": [
    19
  ],
  "ShoesSuperHeroWhite": [
    19
  ],
  "ShoesTartan": [
    19
  ],
  "ShoesTeddyBlue": [
    19
  ],
  "ShoesTeddyPink": [
    19
  ],
  "ShoesTribalOrc": [
    19
  ],
  "ShoesTurtle": [
    19
  ],
  "ShoesTuxedo": [
    19
  ],
  "ShoesUggBoots": [
    19
  ],
  "ShoesVikingBerserker": [
    19
  ],
  "ShoesVikingLadyPurple": [
    19
  ],
  "ShoesVikingShieldmaidenGreen": [
    19
  ],
  "ShoesVikingThor": [
    19
  ],
  "ShoesVikingWarlord": [
    19
  ],
  "ShoesVikingWarriorBrown": [
    19
  ],
  "ShoesVikingWarriorStrapped": [
    19
  ],
  "ShoesWinterbootsYellow": [
    19
  ],
  "ShoesWinterFox": [
    19
  ],
  "ShoesWitchHunter": [
    19
  ],
  "ShoesXmas17Red": [
    19
  ],
  "ShoesXMasCalendar": [
    19
  ],
  "SkirtEggHunterTribe": [
    18
  ],
  "SkirtFarmDenim": [
    18
  ],
  "SkirtGreen": [
    18
  ],
  "SkirtKiltGreen": [
    18
  ],
  "SkirtMaxiYellow": [
    18
  ],
  "SkirtRed": [
    18
  ],
  "SkirtTartan": [
    18
  ],
  "SkirtTowel": [
    18
  ],
  "SkirtXmas17": [
    18
  ],
  "SkirtYellow": [
    18
  ],
  "SuitAdminCommander": [
    21,
    22,
    25,
    18
  ],
  "SuitAdminMidnightWalker": [
    21,
    22,
    23,
    25,
    26,
    18,
    30,
    13,
    3,
    17,
    20,
    9,
    10,
    11,
    12,
    14,
    16,
    19,
    32,
    33,
    7,
    8,
    2,
    1,
    31,
    5,
    6,
    4,
    29
  ],
  "SuitAlien1": [
    21,
    22,
    25,
    18
  ],
  "SuitAlien2": [
    21,
    22,
    25,
    18
  ],
  "SuitArmorBone": [
    21,
    22,
    25,
    18,
    19
  ],
  "SuitBarrel": [
    21
  ],
  "SuitBunnyDark": [
    21,
    22,
    25,
    18
  ],
  "SuitBunnyGreen": [
    21,
    22,
    25,
    18
  ],
  "SuitBunnynator": [
    21,
    22,
    25,
    18
  ],
  "SuitChick": [
    21,
    22,
    25,
    23,
    26,
    18
  ],
  "SuitClown": [
    21,
    22,
    25,
    18
  ],
  "SuitCostumeCat": [
    21,
    22,
    25,
    18
  ],
  "SuitCostumeDog": [
    21,
    22,
    25,
    18
  ],
  "SuitCostumeKangaroo": [
    21,
    22,
    25,
    18
  ],
  "SuitCostumeMallard": [
    21,
    22,
    23,
    26,
    25,
    18,
    19,
    9,
    7,
    8
  ],
  "SuitCostumeMouse": [
    21,
    22,
    25,
    18
  ],
  "SuitCostumePig": [
    21,
    22,
    25,
    18
  ],
  "SuitCostumeRacoon": [
    21,
    22,
    25,
    18
  ],
  "SuitCostumeWolf": [
    21,
    22,
    25,
    18
  ],
  "HairSpikyPunkBlue": [
    11
  ],
  "HairSpikyPunkRed": [
    11
  ],
  "HairStarbridge": [
    11
  ],
  "HairStPaddy": [
    11
  ],
  "HairSuperheroBuzzkill": [
    11
  ],
  "HairSuperHeroGreen": [
    11
  ],
  "HairSuperHeroineBlack": [
    11
  ],
  "HairTentacious": [
    11
  ],
  "HairTentacles": [
    11
  ],
  "HairTribalOrc": [
    11
  ],
  "HairTrump": [
    11
  ],
  "HairUndercutLongBlack": [
    11
  ],
  "HairUndercutLongBlonde": [
    11
  ],
  "HairUndercutLongBrown": [
    11
  ],
  "HairUndercutLongRed": [
    11
  ],
  "HairUndercutWavyBlack": [
    11
  ],
  "HairUndercutWavyBlonde": [
    11
  ],
  "HairUndercutWavyBrown": [
    11
  ],
  "HairUndercutWavyReddish": [
    11
  ],
  "HairVikingMaidenBraidFrontBlonde": [
    11
  ],
  "HairVikingMaidenBraidSideBlonde": [
    11
  ],
  "HairVikingMaidenBraidSideBrown": [
    11
  ],
  "HairVikingOdinLongWhite": [
    11
  ],
  "HairVikingOpenBrown": [
    11
  ],
  "HairVikingSideyBlack": [
    11
  ],
  "HairVikingSideyBlonde": [
    11
  ],
  "HairVikingSideyBrown": [
    11
  ],
  "HairWigNavalOfficer": [
    11
  ],
  "HairWitcher": [
    11
  ],
  "HairZefBlonde": [
    11
  ],
  "HairZefBrown": [
    11
  ],
  "HatAcademic": [
    10
  ],
  "HatAdventurer": [
    10
  ],
  "HatAlienController": [
    10,
    11,
    2
  ],
  "HatAntennasAugmented": [
    10
  ],
  "HatAntlersReindeer": [
    10
  ],
  "HatAviatorBlack": [
    10,
    11,
    14
  ],
  "HatAviatorBrown": [
    10,
    11,
    14
  ],
  "HatBabyCloud": [
    10
  ],
  "HatBandHeadlamp": [
    10
  ],
  "HatBaseballCapRed": [
    10
  ],
  "HatBeach": [
    10
  ],
  "HatBlackBeard": [
    10
  ],
  "HatBowlerLeprechaun": [
    10
  ],
  "HatBowlerPatrick": [
    10
  ],
  "HatBowtieGreen": [
    10
  ],
  "HatBowtiePink": [
    10
  ],
  "HatBrainsOut": [
    10,
    11
  ],
  "HatBrownFedora": [
    10
  ],
  "HatBuccaneer": [
    10
  ],
  "HatBucketRed": [
    17,
    14,
    11,
    10,
    12
  ],
  "HatBumblebee": [
    10,
    11,
    14
  ],
  "HatBunnyEars": [
    10,
    14,
    11,
    17
  ],
  "HatBunnyEarsFloppyPink": [
    10
  ],
  "HatBunnyEarsPink": [
    10
  ],
  "HatCandyKing": [
    10
  ],
  "HatCapBlack": [
    10
  ],
  "HatCapBlue": [
    10
  ],
  "HatCapGreen": [
    10
  ],
  "HatCapPink": [
    10
  ],
  "HatCapRed": [
    10
  ],
  "HatCapWhite": [
    10
  ],
  "HatCapWithScarfBlue": [
    10
  ],
  "HatCapWoolWhite": [
    10
  ],
  "HatCatEarsBlue": [
    10
  ],
  "HatChineseCapRed": [
    10
  ],
  "HatCleaverThroughHead": [
    10
  ],
  "HatColonialLady": [
    10
  ],
  "HatConstructionHelmet": [
    10
  ],
  "HatCookingPot": [
    10
  ],
  "HatCrab": [
    10
  ],
  "HatCrownClanDark": [
    10
  ],
  "HatCrownClanLight": [
    10
  ],
  "HatCrownFae": [
    10
  ],
  "HatCrownFrostLord": [
    10
  ],
  "HatCrownIceQueen": [
    10,
    3,
    4,
    29,
    13,
    30
  ],
  "HatCrownPoseidon": [
    10
  ],
  "HatCrownRat": [
    10
  ],
  "HatCrownSenator": [
    10
  ],
  "HatCrownStPatricks": [
    10,
    3,
    4,
    29,
    13,
    30
  ],
  "HatDeepDweller": [
    10,
    11,
    14
  ],
  "HatEarmuffsPink": [
    10
  ],
  "HatEarmuffsSilencer": [
    10,
    14
  ],
  "HatEarsCatBlack": [
    10
  ],
  "HatEarsCatGreen": [
    10
  ],
  "HatEarsFoxySkin": [
    10
  ],
  "HatEarsMouse": [
    10
  ],
  "HatEasterEggShell": [
    10
  ],
  "HatEasterFlowers": [
    10
  ],
  "HatEasterRichboy": [
    10
  ],
  "HatEasterWitchHeadScarf": [
    10,
    11,
    14,
    17
  ],
  "HatEggbasket": [
    10
  ],
  "HatElf": [
    10
  ],
  "HatExtraEyes": [
    10
  ],
  "HatFantasyHighElf": [
    10,
    14,
    17,
    11
  ],
  "HatFedoraBlack": [
    10
  ],
  "HatFedoraGreen": [
    10
  ],
  "HatFedoraPeige": [
    10
  ],
  "HatFedoraPink": [
    10
  ],
  "HatFedoraRed": [
    10
  ]
}